{
  "forecast": {
    "error": "No overlapping dates between actuals and forecast to compute MAE/RMSE."
  },
  "churn": {
    "roc_auc": 1.0,
    "n_customers": 99441
  },
  "sentiment": {
    "roc_auc": 0.8297127601348686,
    "report": {
      "0": {
        "precision": 0.7828581263266594,
        "recall": 0.5997187307726114,
        "f1-score": 0.6791588901331342,
        "support": 22754.0
      },
      "1": {
        "precision": 0.8886457276295038,
        "recall": 0.9505034654112724,
        "f1-score": 0.9185343384113785,
        "support": 76470.0
      },
      "accuracy": 0.8700616786261388,
      "macro avg": {
        "precision": 0.8357519269780815,
        "recall": 0.7751110980919419,
        "f1-score": 0.7988466142722563,
        "support": 99224.0
      },
      "weighted avg": {
        "precision": 0.8643865657327356,
        "recall": 0.8700616786261388,
        "f1-score": 0.8636408756390334,
        "support": 99224.0
      }
    },
    "n_reviews": 99224
  },
  "segmentation": {
    "silhouette": 0.44639875131294876,
    "cluster_sizes": {
      "0": 54072,
      "1": 40672,
      "3": 4311,
      "2": 386
    },
    "n_customers": 99441
  }
}